Image Name,Description
1159387,"The image captures a dynamic moment where a skateboarder is performing a trick by jumping over another skateboard that's placed vertically on the ground. The skater is caught mid-air, with both feet above the board and hands outstretched to maintain balance. The scene takes place in an outdoor setting with a clear blue sky, and the area appears to be a spacious plaza or a parking lot, evidenced by the presence of parked cars and modern lampposts in the background. The architecture and lampposts suggest a contemporary urban environment."
1159469,"The image shows the interior of a bar. In the foreground on the left, an individual is seated at the bar reading what appears to be a newspaper or menu. Their back is facing the camera, making them the only visible patron in this scene. Behind the bar, various beer taps and promotional materials, as well as alcohol containers, can be seen lined up, suggesting a wide selection of beverages. Decorative elements such as vintage beer cans and signs add a nostalgic ambiance to the establishment. On the back wall, a television is mounted, showing some kind of visual entertainment which is not clearly discernible. The bar exudes a casual, rustic charm, accentuated by the natural light streaming in, likely from a window out of the frame."
1159498,"The image shows a traffic light pole tilted at an extreme angle off its base, likely due to an accident or structural failure. Despite being leaned over, the lights are still functional, with the red signal illuminated and a pedestrian signal showing a red man indicating not to cross. The scene is a snowy urban environment with several cars parked in the background. Bare trees suggest it's winter, and a colorful billboard with illustrations is partially visible in the background. The ground is covered in snow which suggests recent snowfall or cold weather, contributing to a somewhat chaotic urban scene."
1592511,"This is a sunny day scene on a winding mountain road, featuring two motorcyclists riding together in the right lane. They are surrounded by a rocky hillside to their right and a low stone wall on the left, beyond which there appears to be a valley with distant trees. The road has visible signs of wear and cracking, and there are white dashed lines marking the edge of the lane and the center of the road. The clear sky and the natural setting suggest a pleasant and scenic ride for the motorcyclists."
1592566,"This image captures an older adult, likely a man, standing in a well-lived-in kitchen. He is smiling at the camera with a friendly demeanor, wearing glasses and a plaid shirt. In his hands, he's holding a knife and appears to be in the process of preparing food, possibly making a sandwich as there's a loaf of bread and what looks like butter on the counter. The kitchen is filled with various domestic items, such as a coffee pot, hot sauce bottle, container of salt, and a holder with kitchen utensils. A calendar can be seen on the wall, suggesting a homey atmosphere. The lighting is warm, and the scene portrays a candid moment of everyday life."
1592656,"This image depicts a daytime street scene where a white coach bus with the name ""PARTAS"" printed on its side is the central focus, prominently occupying the foreground of the photograph as it travels on the road. The scene appears to be in a tropical location, demonstrated by the lush greenery and the style of the buildings and structures along the roadside. A tricycle, a common mode of transportation in some regions, is seen parked on the side, and a person on a motorcycle is positioned at a waiting shed nearby. The road looks dry, suggesting fair weather, and a clear sky is partially visible at the top of the image. Power lines stretch across the frame, and the overall atmosphere is that of a laid-back, everyday life in a place where road transportation is an integral part of the community's rhythm."
1593105,"This image captures a cozy domestic scene in which a woman with long hair is leaning over to blow out the candles on a chocolate birthday cake. The cake is adorned with several lit candles and appears to be sitting on a coffee table in a living room setting. A curious cat is looking on from the side of the table, possibly intrigued by the flickering candlelight. The room is filled with various household items, creating a lived-in and personal atmosphere. The sunlight filtering in through a window suggests it is daytime and lends the scene a warm and inviting feel."
1593185,"This image depicts a tranquil tropical poolside setting. The centerpiece is a large swimming pool with clear, blue water that glistens under a sunny sky. Around the pool, there are several green sun loungers lined up, offering a place for relaxation. To the left, a part of a multi-story building is visible, featuring a colorful facade with a geometric pattern. Palm trees tower above, swaying slightly, suggesting a gentle breeze and adding to the idyllic atmosphere. A few individuals are lounging under the shade of a covered seating area on the left, while one person is enjoying the water, immersed in the pool in the middle distance. In the foreground, a plastic table holds an array of objects, with a blue plastic stool beside it, and various leaves and debris on the pool deck suggest a natural, lived-in environment."
1593248,"In the image, we see three individuals gathered in what appears to be a domestic kitchen setting. The focus is on a smiling woman in the foreground, who is holding up a large photo book with the title ""THE OLSON'S,"" indicating it may be a personalized photo album. She has long blonde hair, glasses, and is wearing a mustard cardigan over a patterned blouse. To the right is a man in a green striped polo shirt, looking thoughtfully downwards with his hand on his chin, possibly engaged in conversation or contemplation. In the background, another woman is looking down towards a table with a spread of food, suggesting a social gathering or family event. The general ambiance is one of a warm, casual get-together, with a spread of dishes on the counter hinting at a meal or potluck."
2315400,"This is an image of an assortment of fresh vegetables. There are several zucchinis, which are long and green, dominating the center of the picture. To the left, there's a cluster of ripe, red tomatoes, while a bunch of carrots with their green tops attached can be seen slightly above the tomatoes. Just to the right of the carrots, there's a head of broccoli with its characteristic green florets. Below the broccoli, some green chili peppers and a grouping of small, oval-shaped Roma tomatoes are visible. The vegetables are laid out on what appears to be a kitchen towel with a plaid pattern, suggesting a domestic setting, possibly in preparation for a meal. The colors are vibrant and the produce looks fresh and healthy."
2315533,"This image shows a street corner with multiple signposts. There's a green street sign indicating the intersection of ""MAIN ST"" and ""SECOND ST."" Below the street names, there's a red stop sign. On the same pole, there's a decorative figure of a cartoon-like character wearing a hat, a striped shirt, and holding what appears to be a toy or an item of some sort. To the right, there is a directional sign for ""VILLAGE PARK"" with an arrow pointing to the right, suggesting that the park is in that direction. The sky is overcast, giving the image a somewhat gloomy appearance."
2315819,"The image depicts an individual seemingly in mid-action on a tennis court, dressed in a bright green top and shorts. This person is elevated above the ground, stretched out to the right with his arm raised high, suggesting that he may be about to serve or hit a tennis ball. The tennis court is surrounded by a chain-link fence, and lush greenery can be seen in the background, including palm trees and shrubs, contributing to a sunny, outdoor environment that is typical for tennis settings. There is a clear blue sky above and a parked car visible in the distance, indicating that this scene might be in a park or a recreational area."
2316839,"This image shows a close-up view of a pasta dish mixed with various vegetables. The pasta appears to be of the spiral variety, yellow in color, possibly made from wheat. It's mixed with legumes—specifically, lima beans, which are pale green and large in size. There are also chunks of orange carrots and green vegetables that could be broccoli, adding to the dish's colorful presentation. The ingredients have a glossy appearance, suggesting that they may be coated with a sauce or dressing, and the dish gives an impression of a hearty, potentially vegetarian meal."
2316933,"The image shows a person holding up an iPhone, using it to take a picture. The phone is centered in the frame, covering the person's face, which blurs their identity. The focus is on the iPhone, revealing its rear camera, Apple logo, and text that says ""iPhone."" We can see the person's hands gripping the phone, with their left hand's ring finger featuring a ring, possibly indicating that they are married. The background is out of focus but hints at an indoor setting, with what looks like shelves containing various items."
2317307,"This image captures an action-packed moment of a skateboarder in mid-trick as they leap off a set of stone steps. Their movement is dynamic, creating a blur that suggests speed and motion. The skateboarder is partially obscured from view, with their head not visible in the frame, adding a sense of anonymity and focusing the attention on the action itself. In the background, a bronze statue stands atop a pedestal, providing a contrast between the stillness of art and the vibrancy of modern urban activity. Another person is visible in the far background, standing and interacting with their environment in a more passive manner. The setting looks like a historic site or a public square, hinted at by the style of the architecture and the presence of the statue."
2318945,"The image features an outdoor urban setting where two individuals are seated on metal benches, with the focus on the man in the foreground. He is wearing a white T-shirt, black pants, and black shoes. He appears engrossed in his smartphone, which he is holding with both hands. The background presents a sunny day with clear blue skies, buildings with classic architectural features, and a quiet street scene with several vehicles and a distinct lack of pedestrian traffic. Shadows on the ground suggest that the photo was taken during a time of day when the sun was relatively low in the sky, likely either morning or late afternoon."
2319021,"This image captures a young child with curly blond hair, holding a mobile phone up to their ear. They are wearing a horizontal striped black and white t-shirt, and the expression on their face suggests a mix of curiosity and engagement, as if they are imitating a conversation. The background indicates they are sitting inside a vehicle, possibly a train, given the window structure and the patterned seats. The lighting has a warm tone, hinting at a sunny day outside."
2319548,"The image depicts a street scene where a traffic light is in the foreground, set against a clear blue sky. Below it is a street sign indicating ""One Way,"" and there is also a sign for ""Houston St."" indicating the name of the street. In the background is the corner of an ornate red-brick building with rounded turrets, typical of Romanesque Revival architecture. The vantage point is from street level looking up towards the signs and the building, creating a dynamic angle that captures both the street signage and the architectural detail."
2319882,"The image features a tranquil maritime scene where a white boat with two masts is anchored in calm waters. In the foreground, an overturned grey dinghy floats near the shore. In the background, a lighthouse with distinctive red and white stripes is visible, hinting at a coastal location. The clear skies suggest fair weather, and the entire scene exudes a sense of peacefulness typical of a quiet harbor or estuary."
2319976,"The image shows a cluttered countertop with various items on display. In the foreground, there is a bottle of Sunkist orange soda placed on a wooden chopping board, next to it is a blue kitchen utensil resembling tongs still in its packaging, and a brown mug with the word ""Paris"" printed on it. The background is busy with various other kitchen and decorative items including a red wall clock, a small sailing ship model, picture frames, condiments, and a teapot, giving a sense of a homey and lived-in environment."
2320550,"The image shows two skiers on a snowy slope, with one positioned slightly ahead of the other. They are wearing winter sports gear, including helmets, goggles, and ski suits. The sky is clear and blue, suggesting a cold but pleasant day for skiing. The landscape around them is covered with snow, and the trees are frosted with white, creating a picturesque winter scene. In the distance, the terrain appears flatter, with what looks like a frozen lake and patches of forested land visible. There are few other people in sight, implying it might be a relatively quiet day on the slopes, and to the left, we can see a boundary marker, which is typical for ski resorts to guide skiers."
2320941,"This image captures a casual indoor scene where three individuals appear to be enjoying a relaxed social gathering. In the foreground, a man stands holding a remote control, dressed in a short-sleeved checkered shirt, shorts, and wearing a cap, giving the impression he might be engaged in an activity like playing a video game or selecting something to watch. Seated in the background are another man and a woman, both smiling and seemingly entertained, possibly observing the standing man’s actions or engaging with him in conversation. The room has a cozy ambience with a fan on the floor, suggesting it might be a warm day, and string lights adorn the upper part of the walls, adding to the informal and inviting atmosphere."
2321585,"This image shows a modestly furnished bedroom with a prominent queen-sized bed at the center, covered with a patchwork quilt in shades of red, blue, and beige. The bed has a white metal frame with a simple headboard design. Natural light is coming through a window on the left with green patterned curtains partially drawn, illuminating the purple-painted brick walls. On the left, there appears to be a dark-colored garment or towel laid out on a piece of furniture, possibly a chair or a dresser. The ambiance suggests a cozy, lived-in space with basic amenities and a personal touch provided by the quilt and curtains."
2323092,"This image depicts a room with a vintage or historical feel, featuring a black piano on the left side, which suggests that this space may have a musical theme or that it’s used for musical activities. There is a patterned upholstered chair next to the piano, along with a music stand, which further reinforces the musical theme. On the right side, there's a brick fireplace with a white mantelpiece above, adorned with two traditional sconce-style lamps and several decorative items, which add to the room's classic ambiance. A patterned area rug is visible on the floor, leading towards the white door at the back of the room. A makeshift rope barrier in front of the piano suggests this area is set up to be viewed rather than used, indicating it could be part of a museum or historic house tour. The warm lighting and the presence of houseplants create an inviting atmosphere."
2323129,"This image features a detailed model train scene. In the foreground, there's a red caboose with the word ""SEABOARD"" and the number ""12321"" visible on its side, attached to a string of other model railcars, including tankers and boxcars with various markings, like ""PENNSYLVANIA."" The model setup includes realistic landscaping with grassy knolls and shrubbery alongside the tracks. In the background, there are model buildings giving an impression of a train passing through a small industrial area or rail yard. The sense of depth and the careful attention to detail suggest that this is a hobbyist’s or collector’s train set, possibly set up in a home or at a model railway exhibition."
2323214,"In the image, there is a young man standing indoors with a relaxed, smiling posture, holding what appears to be a Wii remote in his right hand—a clear indication that he might be playing or preparing to play a video game that uses motion controls. He's wearing a casual two-tone T-shirt with grey center and dark sleeves, along with grey pants. In the background, a woman appears to be busy with some activity on a table full of various items. The setting seems to be an informal gathering with a homely and eclectic decor, featuring a brick wall to the right and various hats hanging from the ceiling."
2323216,"This image depicts a scene at an airport tarmac featuring two Austrian Airlines aircraft with their distinctive red and white liveries. On the right is a smaller aircraft, possibly a short to medium haul jet, connected to an airport bus, likely for passenger transfer. On the left is a larger aircraft which might be used for longer-haul flights. Ground support vehicles, including baggage carts and a conveyor belt loader, are positioned near the planes, indicating active loading or unloading operations. In the background, there's a clear sky, and you can vaguely make out a mountain range in the distance, which adds a scenic backdrop to the busy airport activity."
2324055,"This image captures a group of snowboarders on a snowy slope with a backdrop of majestic, cloud-covered mountains. The snowboarders are at various points on the descent, each exhibiting a different stance and level of motion. The sky overhead is overcast, diffusing the sunlight, which creates a soft, ambient light across the scene. The scale of the mountains in the background compared to the snowboarders emphasizes the vastness of the natural setting. It seems like a peaceful yet exhilarating moment on the mountainside, likely taken in a winter resort area."
2324735,"This image features a rustic, textured, vertical board with an abstract, distressed dark brown and gold finish, which forms the backdrop for a collection of hairdressing tools artistically arranged on the surface. There appears to be a watch with a black strap, three pairs of scissors, and two types of thin-handled tools, possibly combs or clips, displayed in an orderly fashion, suggesting an aesthetic presentation, perhaps within a hair salon or a creative space. The wooden platform at the bottom gives the impression that this could be an art piece or a functional display for the tools of the trade."
2326441,"This image displays a close-up of a mixed fruit salad containing sliced bananas, apples with red and green skin, kiwifruit with its characteristic black seeds visible, and green grapes. The fruits appear fresh and juicy, with a natural sheen that suggests they were recently cut. The warm lighting enhances the rich colors of the fruits, making the assortment look appetizing."
2327092,"The image captures a dynamic moment during a baseball game. A batter, wearing a red shirt and a black helmet, is in a batting stance ready to hit the ball, holding the bat behind him. The catcher, clad in a white uniform with black and red details, is crouched behind home plate with a catcher's mitt extended towards the incoming pitch. An umpire, dressed in black protective gear, is positioned behind the catcher, attentively watching the play. The focus of the shot is on the imminent action between the pitcher's ball and the batter's swing. Chalk lines on the ground indicate the batter's boxes and the foul lines, characteristic of a baseball field."
2327230,"This image captures a lively moment at a youth baseball game. In the foreground, a batter in an orange jersey is swinging at a pitch while a catcher, dressed in protective gear, squats behind home plate in anticipation of catching the ball. The umpire stands close by, observing the action to make a call. In the background, spectators can be seen watching the game intently from behind a chain-link fence, showcasing a typical scene at a community sports field."
2327257,"This is a candid photo of two people playfully posing for the camera while biting into large donuts. The person on the left appears to be a young woman with a messenger bag slung over her shoulder, biting into a chocolate frosted donut. The individual on the right is a young man wearing glasses and a yellowish shirt, about to take a bite of a glazed donut. They both seem to be enjoying themselves, indicative of a light-hearted, possibly impromptu moment, likely captured during a casual outing at night, as suggested by the dim and artificial lighting in the background."
2328014,"The image shows a worn and grimy toilet with a high-level cistern, affixed to a wall that appears to be in a state of disrepair. The toilet and surrounding area display signs of neglect and deterioration, with paint peeling off the walls and visible stains. The cistern above the toilet is equipped with two separate metal taps, hinting at a design that might be found in older or industrial settings. The general condition suggests this facility has not been maintained or cleaned for a considerable time."
2330880,"This black and white image captures a simplistic yet evocative scene. In silhouette, a person stands to the right on an elevated flat surface, possibly a rooftop, holding what appears to be a camera or mobile phone, suggesting the action of taking a photo or video. To the left, two birds perch gracefully—one atop a pole and the other on the edge of the structure—against a backdrop of soft, cumulus clouds scattered across the sky. The stark contrast and the positioning of the subjects provide a feeling of stillness and contemplation."
2331410,"The image shows a small bathroom corner with a closed toilet that has a wooden seat cover. Above the toilet tank, there's a tissue box with a decorative motif. To the left, a camouflage-patterned shower curtain is partially visible, hinting at a bathing area out of frame. On the right, a wooden vanity cabinet with a countertop basin can be seen, upon which rests a hand towel and some small items that appear decorative or functional for the bathroom setting. Adjacent to the vanity, a wooden rack holds several reading materials. On the wall, there's a framed piece of artwork featuring a vertical design with multiple colors. The flooring is not fully visible, but appears to be a light, neutral color, complementing the overall earthy and functional aesthetic of the bathroom."
2331505,"This image features a plate containing a serving of braised or stewed meat with a brown, possibly savory sauce glazed over it, alongside a side of cauliflower. The meat appears tender and cooked in chunks. The cauliflower looks like it has been either boiled or steamed and is garnished with bits of green herbs. The plate is on a green placemat, and there is a hint of a napkin or dish towel on the left side of the image, indicating a home or casual dining setting. The focus of the image is on the meal, and the background is blurred but suggests a domestic kitchen with a white power outlet visible on the wall."
2332330,"This image captures a giraffe extending its neck sideways toward a person's hand, which is outstretched as if feeding or petting it. The scene likely takes place in a zoo or wildlife park setting, as indicated by the metal fencing and concrete structures in the background. The photo conveys a moment of interaction between human and animal, showcasing the giraffe's long neck and spotted coat. The vintage filter applied to the photograph gives it a warm, nostalgic feel."
2333461,"The image depicts an outdoor training or practice session for cave diving or a similar activity requiring ropes and specialized gear. Two individuals are visible; the one on the left is wearing a wetsuit, gloves, and helmet, and is managing a rope possibly in preparation for descent or as a safety measure. The person on the right, also clad in a wetsuit with a helmet and fins, seems to be suspended by ropes and descending into a narrow opening in the ground, which appears to be an entrance to a cave or underground passage. The terrain is grassy and the skies are overcast, suggesting a cool or temperate climate. Both individuals have equipment that includes breathing apparatuses, indicating that the activity may involve underwater exploration."
2334206,"This image shows a man standing on a horse-drawn cart in an urban environment. The horse at the front appears to be of a lighter color, perhaps white or gray, and it's harnessed to a simple blue cart. The man is wearing casual clothing, including a red top and jeans, and looks relaxed as he oversees the cart's movement. In the background, there is a building with the 'BANPRO' sign, suggesting the photo may have been taken near a bank and in a region where Spanish is spoken, possibly in Latin America. There's also a white vehicle parked on the side of the street, contributing to the blend of traditional and modern elements within the scene. The presence of modern infrastructure alongside the traditional mode of transportation provides a contrast between the old and the new."
2336026,"This image features a white Ford Super Duty pickup truck parked outdoors on a sunny day. The vehicle is marked with ""FX4"" on the rear side panel, indicating a 4x4 off-road package. The truck has a crew cab configuration, offering additional seating space. It also features a bed cap over the cargo area, providing secure storage and protection for cargo. The truck appears to be parked on a paved surface, with trees and some other vehicles in the background. The exterior of the vehicle shows signs of use, with some dirt and marks visible on the bodywork."
2336130,"The image depicts a man standing in a cozy living room, smiling at the camera. He is wearing glasses, a black T-shirt with a red logo, and blue jeans. His hands are clasped together in front of him. To his left, there is a beige sofa with a few items scattered on it, and in front of him, there's a large TV displaying a colorful scene, which appears to be from a TV show or movie. On the left side of the room, some children's toys can be seen on the floor, suggesting the presence of a child in the household. The room has hardwood flooring covered by a large red area rug, and the walls are painted in a warm, neutral color adorned with framed pictures or artwork. The ambiance feels lived-in and comfortable."
2338150,"The image depicts two zebras side by side, grazing in an enclosure which appears to be a part of a zoo or wildlife reserve. Their distinctive black and white striped coats are easily identifiable, and behind them is a structure that provides shade. The environment is relatively barren with sandy ground, and a few branches scattered around which the zebras might be nibbling on. There's a fence in the background that demarcates the limits of the enclosure, and in the distance, a third zebra can partially be seen under the shelter."
2338444,"The image depicts a well-lit bedroom with a traditional decor style. There is a large bed with wooden headboard in the center, covered with a quilt featuring a patchwork of various patterns and stars, suggesting a cozy and homelike atmosphere. On the bed, there's a small doll placed near the pillows. To the right of the bed, a nightstand holds a lamp with a classic lampshade and a few small items that look like personal belongings. The walls are adorned with patterned wallpaper, and two windows with white blinds provide natural light. In the foreground on the right, there's a stack of papers and what looks like magazines or newspapers, indicating a lived-in space. The overall feeling of the room is one of comfort and quiet domesticity."
2338960,"The image shows an old-fashioned black steam locomotive with gleaming metal accents. The number 7 is prominently displayed on the front, and there are gold and red trim details that add a touch of elegance to its design. The locomotive is stationed on tracks, suggesting it might be a historical exhibit or part of a heritage railway. The photograph captures the engine at an angle that showcases the round, bulbous front boiler, the complex network of pipes, and the large driving wheels that are indicative of the steam-powered engineering of the era. The presence of brick buildings in the background and a partly cloudy sky indicates that the photo was taken during daytime in an urban or museum setting."
2338993,"This image captures a person mid-action on a tennis court, evidently about to hit a tennis ball with a racquet. They are dressed in typical tennis attire, including a red visor, a red shirt, and white shorts, while white tennis shoes complete the sporty outfit. The court has green synthetic turf marked with white boundary lines, and there is a tall wire fence enclosing the area. To the right, the background features a red-tiled rooftop peaking over the fence, suggesting that this court may be located in a residential or urban setting. The scene is bathed in bright sunlight, indicating a clear day that's perfect for an outdoor sporting activity."
2339451,"This image depicts a lived-in room with a cozy, cluttered atmosphere. To the left, a table is covered with a red-checkered cloth, and the chairs around it are draped with various fabrics, suggesting a casual, possibly improvisational approach to decor. A ceiling fan is mounted above, providing light and airflow. The walls are painted yellow and adorned with numerous picture frames and art, contributing to a personal and homely feel. The center of the room features a desk with a computer, bespeaking a workspace amidst the living area. Further to the right, there's a shelving unit cluttered with an array of items such as boxes, pictures, and other knick-knacks. In front of it, a plastic bag hangs from a hook, indicating recent shopping or the temporary stowing of items. The rightmost area shows a glimpse of another table, possibly for dining, suggesting this multipurpose room serves various functions for daily life. Overall, the room emits a sense of warmth and domestic activity, with personal touches that indicate the space is well-used and cherished."
2340227,"This image captures a serene yet dynamic scene where two elephants are engaged in what appears to be a gentle tussle or play fight in a grassy savannah. The elephants are facing each other with their trunks intertwined and tusks clashing lightly against one another. One can observe a fine spray of dust around their feet, highlighting the movement and the physicality of their interaction. A small white bird, possibly an egret, stands in the foreground at a safe distance, adding a sense of scale and life to the composition. The backdrop features a vast, open landscape under a soft, hazy sky, which suggests the photo was taken either during the early morning or late afternoon when the light casts a warm glow over the scene. The overall atmosphere is one of natural harmony and the grandeur of wildlife in their natural habitat."
2341500,"This image shows a white food truck with the words ""The Lucky Taco"" emblazoned on its side, indicating that it likely serves tacos. The truck is parked next to a sidewalk, and in front of it, there is a vibrant pink sign with the text ""OPEN"" and an image of a taco, along with the hours ""Tues-Sun 12-8 pm"" written on it, denoting the operational times of the food truck. There appears to be wet ground and some greenery, suggesting that there might have been recent rain. In the background, there are other parked vehicles and a building, which gives the impression of an urban or suburban setting. The cloudy sky suggests overcast weather."
2341918,"In this image, we see a snowboarder mid-air during a jump. The individual is wearing a blue jacket and black pants, and their red snowboard is clearly visible against the snowy backdrop. They appear to be performing a trick, given their body posture, with one hand reaching towards the snowboard and legs bent. The sky is blue and clear, suggesting favorable weather conditions. Pine trees and a ski lift can be seen in the background, indicating that this activity is taking place at a ski resort. The snow covered slopes and absence of other snowboarders or skiers in the immediate vicinity suggests this might be a designated area for jumps and tricks."
2341930,"The image shows a zebra in a grassy enclosure with some patches of bushes and a few rocks on the ground. The animal's distinctive black and white stripes are prominent. It appears to be standing near a thin, leafless tree or pole, to which a wire is attached, suggesting the area is fenced, possibly within a zoo or wildlife sanctuary. In the background, a green metal structure, possibly a shelter or building, is visible, along with more greenery, indicating a well-maintained habitat. The zebra appears calm and is looking off to the side, giving the photo a serene quality."
498133,"This image depicts a casual indoor setting where a person is sitting at a dining table with various dishes prepared for a meal. The individual is wearing a white t-shirt with text on it and glasses, and appears to be engaging with the camera or someone in the room, perhaps during a break in the meal preparation or dining. The table is cluttered with a variety of food items such as what looks like a skillet of sautéed vegetables, a bowl of salad, and possibly some condiments. In the background, there's a shelving unit with jars and other items, suggesting it may be a kitchen or dining area. The walls have a unique decorative motif, and there's a reflection visible in a mirror or window, adding to the lived-in and personal atmosphere of the scene."
713449,"This is an image of a traditional red brick building featuring a prominent clock tower with a golden dome and ornate detailing. The clock tower rises above the surrounding architecture, indicating its significance, possibly as a historical or municipal building. The photo is taken during the day under a clear blue sky with soft sunlight casting shadows on the structure. A few cars are parked in front of the building, and there is a roundabout with directional signs, suggesting an urban setting. Trees with bare branches hint at the season being either late autumn or early winter."
